,id,alias,name,image_url,is_closed,url,review_count,categories,rating,transactions,price,phone,display_phone,distance,coordinates.latitude,coordinates.longitude,location.address1,location.address2,location.address3,location.city,location.zip_code,location.country,location.state,location.display_address
0,L4r6klm7FG4QBbNe8gu5-A,commonplace-coffee-pittsburgh-3,Commonplace Coffee,https://s3-media2.fl.yelpcdn.com/bphoto/5TYkkKgEFP54wzDzmZJjKQ/o.jpg,False,https://www.yelp.com/biz/commonplace-coffee-pittsburgh-3?adjust_creative=Hi8yaDtOfeAyH6CjPFRvZQ&utm_campaign=yelp_api_v3&utm_medium=api_v3_business_search&utm_source=Hi8yaDtOfeAyH6CjPFRvZQ,207,"[{'alias': 'coffee', 'title': 'Coffee & Tea'}, {'alias': 'bakeries', 'title': 'Bakeries'}, {'alias': 'coffeeroasteries', 'title': 'Coffee Roasteries'}]",4.5,['delivery'],$,+14124220404,(412) 422-0404,735.2755645277779,40.43823644882833,-79.92651553341898,5827 Forbes Ave,,,Pittsburgh,15217,US,PA,"['5827 Forbes Ave', 'Pittsburgh, PA 15217']"
1,DPR86ATfmOo3s9kDhQrzzA,round-table-coffee-pittsburgh,Round Table Coffee,https://s3-media1.fl.yelpcdn.com/bphoto/e8-XBaO0qV_yIKRmmFKK7Q/o.jpg,False,https://www.yelp.com/biz/round-table-coffee-pittsburgh?adjust_creative=Hi8yaDtOfeAyH6CjPFRvZQ&utm_campaign=yelp_api_v3&utm_medium=api_v3_business_search&utm_source=Hi8yaDtOfeAyH6CjPFRvZQ,16,"[{'alias': 'coffee', 'title': 'Coffee & Tea'}]",5.0,[],$$,+14126263942,(412) 626-3942,2761.763068883177,40.45633388477491,-79.9302752771552,5830 Ellsworth Ave,Ste 100,,Pittsburgh,15232,US,PA,"['5830 Ellsworth Ave', 'Ste 100', 'Pittsburgh, PA 15232']"
2,VXEdPQubTU0alR_K3ZjHZQ,redstart-roasters-pittsburgh,Redstart Roasters,https://s3-media3.fl.yelpcdn.com/bphoto/sK4r8o2D7fRQdluGyBVKLw/o.jpg,False,https://www.yelp.com/biz/redstart-roasters-pittsburgh?adjust_creative=Hi8yaDtOfeAyH6CjPFRvZQ&utm_campaign=yelp_api_v3&utm_medium=api_v3_business_search&utm_source=Hi8yaDtOfeAyH6CjPFRvZQ,13,"[{'alias': 'coffeeroasteries', 'title': 'Coffee Roasteries'}]",5.0,[],$,+14126953667,(412) 695-3667,3537.550745351021,40.463755,-79.926798,224 N Euclid Ave,,,Pittsburgh,15206,US,PA,"['224 N Euclid Ave', 'Pittsburgh, PA 15206']"
3,CJu3t6lqoJATXIZaH9sJug,arriviste-coffee-bar-pittsburgh,Arriviste Coffee Bar,https://s3-media4.fl.yelpcdn.com/bphoto/p7hC7bXgZCtarIPfEkyWBQ/o.jpg,False,https://www.yelp.com/biz/arriviste-coffee-bar-pittsburgh?adjust_creative=Hi8yaDtOfeAyH6CjPFRvZQ&utm_campaign=yelp_api_v3&utm_medium=api_v3_business_search&utm_source=Hi8yaDtOfeAyH6CjPFRvZQ,97,"[{'alias': 'coffee', 'title': 'Coffee & Tea'}, {'alias': 'desserts', 'title': 'Desserts'}]",4.5,['delivery'],$,+14122047320,(412) 204-7320,2676.1481078622724,40.455377483981714,-79.9312134,5730 Ellsworth Ave,,,Pittsburgh,15232,US,PA,"['5730 Ellsworth Ave', 'Pittsburgh, PA 15232']"
4,C3D5ww46iTU6LCWgSwM0vA,madeleine-bakery-and-bistro-wilkinsburg,Madeleine Bakery And Bistro,https://s3-media1.fl.yelpcdn.com/bphoto/7vz0Qjba1K411Q7agvhrEw/o.jpg,False,https://www.yelp.com/biz/madeleine-bakery-and-bistro-wilkinsburg?adjust_creative=Hi8yaDtOfeAyH6CjPFRvZQ&utm_campaign=yelp_api_v3&utm_medium=api_v3_business_search&utm_source=Hi8yaDtOfeAyH6CjPFRvZQ,87,"[{'alias': 'cafes', 'title': 'Cafes'}, {'alias': 'bakeries', 'title': 'Bakeries'}, {'alias': 'french', 'title': 'French'}]",4.5,['delivery'],$$,+14123711010,(412) 371-1010,2758.391808926611,40.43896,-79.89202,609 S Trenton Ave,,,Wilkinsburg,15221,US,PA,"['609 S Trenton Ave', 'Wilkinsburg, PA 15221']"
5,RlZuHbb7q-pa5e1_Sy5NCg,klvn-coffee-lab-pgh,Klvn Coffee Lab,https://s3-media1.fl.yelpcdn.com/bphoto/xB9ralxTl3xmNPWW7gXXSA/o.jpg,False,https://www.yelp.com/biz/klvn-coffee-lab-pgh?adjust_creative=Hi8yaDtOfeAyH6CjPFRvZQ&utm_campaign=yelp_api_v3&utm_medium=api_v3_business_search&utm_source=Hi8yaDtOfeAyH6CjPFRvZQ,35,"[{'alias': 'coffee', 'title': 'Coffee & Tea'}]",4.0,['delivery'],$$$,+14126263794,(412) 626-3794,3071.9815406745042,40.4578875086069,-79.9106537441925,152060000 Hamilton Ave,Flr 1,,Pgh,15206,US,PA,"['152060000 Hamilton Ave', 'Flr 1', 'Pgh, PA 15206']"
6,T6qjr_kZSH8GECSoMbx8sQ,the-coffee-tree-roasters-pittsburgh-2,The Coffee Tree Roasters,https://s3-media3.fl.yelpcdn.com/bphoto/XzAEg0BVuWu6xs91JVjS6g/o.jpg,False,https://www.yelp.com/biz/the-coffee-tree-roasters-pittsburgh-2?adjust_creative=Hi8yaDtOfeAyH6CjPFRvZQ&utm_campaign=yelp_api_v3&utm_medium=api_v3_business_search&utm_source=Hi8yaDtOfeAyH6CjPFRvZQ,49,"[{'alias': 'coffee', 'title': 'Coffee & Tea'}]",4.0,['delivery'],$,+14124224427,(412) 422-4427,661.6683547385273,40.43789,-79.92144,5840 Forbes Ave,,,Pittsburgh,15217,US,PA,"['5840 Forbes Ave', 'Pittsburgh, PA 15217']"
7,UkM9xM8SkHzMe_x5zl0MhQ,biddles-escape-pittsburgh,Biddle's Escape,https://s3-media2.fl.yelpcdn.com/bphoto/KVo0lqX8NYEtLoecPwU2Xw/o.jpg,False,https://www.yelp.com/biz/biddles-escape-pittsburgh?adjust_creative=Hi8yaDtOfeAyH6CjPFRvZQ&utm_campaign=yelp_api_v3&utm_medium=api_v3_business_search&utm_source=Hi8yaDtOfeAyH6CjPFRvZQ,180,"[{'alias': 'coffee', 'title': 'Coffee & Tea'}]",4.5,[],$$,+14129999009,(412) 999-9009,2738.7443389028,40.43816,-79.89212,401 Biddle Ave,,,Pittsburgh,15221,US,PA,"['401 Biddle Ave', 'Pittsburgh, PA 15221']"
8,SHlfx41Mo4dk2WR1VyT2_Q,adda-coffee-and-tea-house-pittsburgh,Adda Coffee & Tea House,https://s3-media4.fl.yelpcdn.com/bphoto/siRfvBjmV2ZcDSih7kKXzA/o.jpg,False,https://www.yelp.com/biz/adda-coffee-and-tea-house-pittsburgh?adjust_creative=Hi8yaDtOfeAyH6CjPFRvZQ&utm_campaign=yelp_api_v3&utm_medium=api_v3_business_search&utm_source=Hi8yaDtOfeAyH6CjPFRvZQ,143,"[{'alias': 'coffee', 'title': 'Coffee & Tea'}]",4.5,"['delivery', 'pickup']",$,+14124048403,(412) 404-8403,2977.08577960962,40.4587819423888,-79.9252286377859,200 South Highland Ave,,,Pittsburgh,15206,US,PA,"['200 South Highland Ave', 'Pittsburgh, PA 15206']"
9,E4uunCOBjqk57GzGbXyGpA,five-points-artisan-bakeshop-pittsburgh,Five Points Artisan Bakeshop,https://s3-media3.fl.yelpcdn.com/bphoto/34_SvCkQHyHeOLdOAoMzNg/o.jpg,False,https://www.yelp.com/biz/five-points-artisan-bakeshop-pittsburgh?adjust_creative=Hi8yaDtOfeAyH6CjPFRvZQ&utm_campaign=yelp_api_v3&utm_medium=api_v3_business_search&utm_source=Hi8yaDtOfeAyH6CjPFRvZQ,150,"[{'alias': 'bakeries', 'title': 'Bakeries'}, {'alias': 'desserts', 'title': 'Desserts'}]",5.0,[],$,+14125212253,(412) 521-2253,1472.5815246020236,40.4443398,-79.916832,6520 Wilkins Ave,,,Pittsburgh,15217,US,PA,"['6520 Wilkins Ave', 'Pittsburgh, PA 15217']"
10,2M8HhQRsKqETmxo8YhtVGQ,commonplace-coffee-pittsburgh-4,Commonplace Coffee,https://s3-media3.fl.yelpcdn.com/bphoto/m56IXoTJgN7zVi8LgiFRug/o.jpg,False,https://www.yelp.com/biz/commonplace-coffee-pittsburgh-4?adjust_creative=Hi8yaDtOfeAyH6CjPFRvZQ&utm_campaign=yelp_api_v3&utm_medium=api_v3_business_search&utm_source=Hi8yaDtOfeAyH6CjPFRvZQ,110,"[{'alias': 'coffee', 'title': 'Coffee & Tea'}, {'alias': 'bakeries', 'title': 'Bakeries'}, {'alias': 'coffeeroasteries', 'title': 'Coffee Roasteries'}]",4.5,['delivery'],$,+14126613000,(412) 661-3000,3723.123315365213,40.4647789001465,-79.9334182739258,5467 Penn Ave,,,Pittsburgh,15206,US,PA,"['5467 Penn Ave', 'Pittsburgh, PA 15206']"
11,AMGe9WK6bxiEkTYNj_cx0w,the-coffee-tree-roasters-pittsburgh,The Coffee Tree Roasters,https://s3-media4.fl.yelpcdn.com/bphoto/cogCNwGlLxJIhF6QrEW2Ww/o.jpg,False,https://www.yelp.com/biz/the-coffee-tree-roasters-pittsburgh?adjust_creative=Hi8yaDtOfeAyH6CjPFRvZQ&utm_campaign=yelp_api_v3&utm_medium=api_v3_business_search&utm_source=Hi8yaDtOfeAyH6CjPFRvZQ,174,"[{'alias': 'coffee', 'title': 'Coffee & Tea'}]",3.5,[],$,+14126216880,(412) 621-6880,2274.4091260185633,40.45123,-79.93275,5524 Walnut St,,,Pittsburgh,15232,US,PA,"['5524 Walnut St', 'Pittsburgh, PA 15232']"
12,2waRroVl2PY8hDDm1ibzYg,centred-coffee-and-wellness-pittsburgh,Centred Coffee & Wellness,https://s3-media1.fl.yelpcdn.com/bphoto/igCgbeGZzICHh-BQ1OSmKA/o.jpg,False,https://www.yelp.com/biz/centred-coffee-and-wellness-pittsburgh?adjust_creative=Hi8yaDtOfeAyH6CjPFRvZQ&utm_campaign=yelp_api_v3&utm_medium=api_v3_business_search&utm_source=Hi8yaDtOfeAyH6CjPFRvZQ,4,"[{'alias': 'coffee', 'title': 'Coffee & Tea'}, {'alias': 'juicebars', 'title': 'Juice Bars & Smoothies'}]",4.5,"['delivery', 'pickup']",,+14127228637,(412) 722-8637,2929.1355696253545,40.4558962,-79.9381396,5408 Centre Ave,,,Pittsburgh,15232,US,PA,"['5408 Centre Ave', 'Pittsburgh, PA 15232']"
13,EUoCwPqsHgbWta0Zw7kt_Q,margaux-pittsburgh,Margaux,https://s3-media2.fl.yelpcdn.com/bphoto/QeaOMt4C2qgTA9fqe8DLHQ/o.jpg,False,https://www.yelp.com/biz/margaux-pittsburgh?adjust_creative=Hi8yaDtOfeAyH6CjPFRvZQ&utm_campaign=yelp_api_v3&utm_medium=api_v3_business_search&utm_source=Hi8yaDtOfeAyH6CjPFRvZQ,44,"[{'alias': 'cafes', 'title': 'Cafes'}, {'alias': 'coffee', 'title': 'Coffee & Tea'}, {'alias': 'sandwiches', 'title': 'Sandwiches'}]",4.5,[],$$,+14124047085,(412) 404-7085,3301.5631333936535,40.46170476586113,-79.92518547907146,5947 Penn Ave,,,Pittsburgh,15206,US,PA,"['5947 Penn Ave', 'Pittsburgh, PA 15206']"
14,99SN6hku1PToQ2E3-4h8CA,jitters-cafe-pittsburgh,Jitters Cafe,https://s3-media3.fl.yelpcdn.com/bphoto/Ynp1IvjXiuPq_Z77OQBquA/o.jpg,False,https://www.yelp.com/biz/jitters-cafe-pittsburgh?adjust_creative=Hi8yaDtOfeAyH6CjPFRvZQ&utm_campaign=yelp_api_v3&utm_medium=api_v3_business_search&utm_source=Hi8yaDtOfeAyH6CjPFRvZQ,87,"[{'alias': 'coffee', 'title': 'Coffee & Tea'}, {'alias': 'icecream', 'title': 'Ice Cream & Frozen Yogurt'}]",4.0,['delivery'],$,+14126212316,(412) 621-2316,2324.0239325618236,40.45182,-79.9324199,5541 Walnut St,,,Pittsburgh,15232,US,PA,"['5541 Walnut St', 'Pittsburgh, PA 15232']"
15,RzgKhnZkjaIX44Sn9DwdFQ,cafetano-coffee-roasters-pittsburgh,Cafetano Coffee Roasters,https://s3-media3.fl.yelpcdn.com/bphoto/M9e7qMvVaEGyLxhjye98bw/o.jpg,False,https://www.yelp.com/biz/cafetano-coffee-roasters-pittsburgh?adjust_creative=Hi8yaDtOfeAyH6CjPFRvZQ&utm_campaign=yelp_api_v3&utm_medium=api_v3_business_search&utm_source=Hi8yaDtOfeAyH6CjPFRvZQ,65,"[{'alias': 'cafes', 'title': 'Cafes'}, {'alias': 'breakfast_brunch', 'title': 'Breakfast & Brunch'}]",5.0,"['delivery', 'pickup']",$$,+14123071821,(412) 307-1821,5732.244649794823,40.44905,-79.98758,1601 Penn Ave,,,Pittsburgh,15222,US,PA,"['1601 Penn Ave', 'Pittsburgh, PA 15222']"
16,ehusdYtDdLyEAFAmXavQBQ,yinz-coffee-pittsburgh-4,Yinz Coffee,https://s3-media1.fl.yelpcdn.com/bphoto/68Gpig2-_Nf3DLgPOE-sjQ/o.jpg,False,https://www.yelp.com/biz/yinz-coffee-pittsburgh-4?adjust_creative=Hi8yaDtOfeAyH6CjPFRvZQ&utm_campaign=yelp_api_v3&utm_medium=api_v3_business_search&utm_source=Hi8yaDtOfeAyH6CjPFRvZQ,2,"[{'alias': 'cafes', 'title': 'Cafes'}, {'alias': 'coffee', 'title': 'Coffee & Tea'}]",5.0,[],,,,3066.749616741857,40.4581259,-79.9352492,5607 Baum Blvd,,,Pittsburgh,15224,US,PA,"['5607 Baum Blvd', 'Pittsburgh, PA 15224']"
17,2099abC1lsypFGDJVG5uIQ,4121-main-pittsburgh-2,4121 Main,https://s3-media2.fl.yelpcdn.com/bphoto/OrNn4jOblBFJ6GmVUa1gCw/o.jpg,False,https://www.yelp.com/biz/4121-main-pittsburgh-2?adjust_creative=Hi8yaDtOfeAyH6CjPFRvZQ&utm_campaign=yelp_api_v3&utm_medium=api_v3_business_search&utm_source=Hi8yaDtOfeAyH6CjPFRvZQ,42,"[{'alias': 'coffee', 'title': 'Coffee & Tea'}, {'alias': 'florists', 'title': 'Florists'}]",4.5,['delivery'],$$,+14127084500,(412) 708-4500,4523.654535376057,40.4652699,-79.95433,4121 Main St,,,Pittsburgh,15224,US,PA,"['4121 Main St', 'Pittsburgh, PA 15224']"
18,2-jyqX-PonxUSZQugyCOAQ,crazy-mocha-pittsburgh-4,Crazy Mocha,https://s3-media3.fl.yelpcdn.com/bphoto/4tDDAkL43jdUucuMUhx2VQ/o.jpg,False,https://www.yelp.com/biz/crazy-mocha-pittsburgh-4?adjust_creative=Hi8yaDtOfeAyH6CjPFRvZQ&utm_campaign=yelp_api_v3&utm_medium=api_v3_business_search&utm_source=Hi8yaDtOfeAyH6CjPFRvZQ,41,"[{'alias': 'coffee', 'title': 'Coffee & Tea'}]",3.5,['delivery'],$,+14125211056,(412) 521-1056,167.2692985378404,40.43348,-79.9233,2100 Murray Ave,,,Pittsburgh,15217,US,PA,"['2100 Murray Ave', 'Pittsburgh, PA 15217']"
19,VaQhUU3P4Z5A3oYPsEMbkw,tazza-d-oro-pittsburgh-5,Tazza D'oro,https://s3-media3.fl.yelpcdn.com/bphoto/yl-wmzUWaAxLic32IvLtjA/o.jpg,False,https://www.yelp.com/biz/tazza-d-oro-pittsburgh-5?adjust_creative=Hi8yaDtOfeAyH6CjPFRvZQ&utm_campaign=yelp_api_v3&utm_medium=api_v3_business_search&utm_source=Hi8yaDtOfeAyH6CjPFRvZQ,178,"[{'alias': 'coffee', 'title': 'Coffee & Tea'}, {'alias': 'cafes', 'title': 'Cafes'}]",4.5,[],$,+14123623676,(412) 362-3676,4780.934831451685,40.4748883,-79.918773,1125 N Highland Ave,,,Pittsburgh,15206,US,PA,"['1125 N Highland Ave', 'Pittsburgh, PA 15206']"
20,q36ubX5vWI96S2GlgWTM5A,yinz-coffee-pittsburgh-3,Yinz Coffee,https://s3-media2.fl.yelpcdn.com/bphoto/1H6LBwTPSXBDVLf-EoNXCQ/o.jpg,False,https://www.yelp.com/biz/yinz-coffee-pittsburgh-3?adjust_creative=Hi8yaDtOfeAyH6CjPFRvZQ&utm_campaign=yelp_api_v3&utm_medium=api_v3_business_search&utm_source=Hi8yaDtOfeAyH6CjPFRvZQ,9,"[{'alias': 'coffee', 'title': 'Coffee & Tea'}, {'alias': 'cafes', 'title': 'Cafes'}, {'alias': 'coffeeroasteries', 'title': 'Coffee Roasteries'}]",5.0,[],,+14125865452,(412) 586-5452,4137.1661465152065,40.462828518176366,-79.9509307087982,4525 Liberty Ave,,,Pittsburgh,15224,US,PA,"['4525 Liberty Ave', 'Pittsburgh, PA 15224']"
21,khRo2a5OaIjumox-tkg3GA,61b-cafe-pittsburgh,61B Cafe,https://s3-media1.fl.yelpcdn.com/bphoto/oioC5HitEOHPc4_-xmyhlQ/o.jpg,False,https://www.yelp.com/biz/61b-cafe-pittsburgh?adjust_creative=Hi8yaDtOfeAyH6CjPFRvZQ&utm_campaign=yelp_api_v3&utm_medium=api_v3_business_search&utm_source=Hi8yaDtOfeAyH6CjPFRvZQ,52,"[{'alias': 'coffee', 'title': 'Coffee & Tea'}, {'alias': 'bakeries', 'title': 'Bakeries'}]",3.5,[],$,+14128713013,(412) 871-3013,2488.9290372376204,40.4323539733887,-79.8940734863281,1108 S Braddock Ave,,,Pittsburgh,15218,US,PA,"['1108 S Braddock Ave', 'Pittsburgh, PA 15218']"
22,H5IZbBaCaCtWUzS_toBSXg,commonplace-coffee-pittsburgh-6,Commonplace Coffee,https://s3-media3.fl.yelpcdn.com/bphoto/8YsizRJ-3FRkMezl6hjoLw/o.jpg,False,https://www.yelp.com/biz/commonplace-coffee-pittsburgh-6?adjust_creative=Hi8yaDtOfeAyH6CjPFRvZQ&utm_campaign=yelp_api_v3&utm_medium=api_v3_business_search&utm_source=Hi8yaDtOfeAyH6CjPFRvZQ,19,"[{'alias': 'coffee', 'title': 'Coffee & Tea'}, {'alias': 'bakeries', 'title': 'Bakeries'}, {'alias': 'coffeeroasteries', 'title': 'Coffee Roasteries'}]",4.5,['delivery'],,+14123652117,(412) 365-2117,2192.181135434998,40.4505259689735,-79.9144694300714,6736 Reynolds St,,,Pittsburgh,15206,US,PA,"['6736 Reynolds St', 'Pittsburgh, PA 15206']"
23,U7MkW1DeIryN6tYyJ62kEA,pigeon-bagels-pittsburgh,Pigeon Bagels,https://s3-media1.fl.yelpcdn.com/bphoto/OYSCqwmUiZ1kojfXrVYa8g/o.jpg,False,https://www.yelp.com/biz/pigeon-bagels-pittsburgh?adjust_creative=Hi8yaDtOfeAyH6CjPFRvZQ&utm_campaign=yelp_api_v3&utm_medium=api_v3_business_search&utm_source=Hi8yaDtOfeAyH6CjPFRvZQ,123,"[{'alias': 'bagels', 'title': 'Bagels'}, {'alias': 'sandwiches', 'title': 'Sandwiches'}, {'alias': 'coffee', 'title': 'Coffee & Tea'}]",4.0,['delivery'],$,,,316.4592214067218,40.432993,-79.927001,5613 Hobart St,,,Pittsburgh,15217,US,PA,"['5613 Hobart St', 'Pittsburgh, PA 15217']"
24,uV2HVSRXJMqGsF9Br2VnvQ,constellation-coffee-pittsburgh,Constellation Coffee,https://s3-media2.fl.yelpcdn.com/bphoto/HRvIJ6v6K8i_D_eGvL9-cQ/o.jpg,False,https://www.yelp.com/biz/constellation-coffee-pittsburgh?adjust_creative=Hi8yaDtOfeAyH6CjPFRvZQ&utm_campaign=yelp_api_v3&utm_medium=api_v3_business_search&utm_source=Hi8yaDtOfeAyH6CjPFRvZQ,119,"[{'alias': 'coffee', 'title': 'Coffee & Tea'}]",4.0,"['delivery', 'pickup']",$,,,4629.558716760577,40.4656647774805,-79.9557438844205,4059 Penn Ave,Fl 1,,Pittsburgh,15224,US,PA,"['4059 Penn Ave', 'Fl 1', 'Pittsburgh, PA 15224']"
25,OaWpoy5EwGNl6ZfzbndKDg,tonic-coffee-pittsburgh,Tonic Coffee,https://s3-media2.fl.yelpcdn.com/bphoto/5rcLANGbnZbEo4l0_Tuk1g/o.jpg,False,https://www.yelp.com/biz/tonic-coffee-pittsburgh?adjust_creative=Hi8yaDtOfeAyH6CjPFRvZQ&utm_campaign=yelp_api_v3&utm_medium=api_v3_business_search&utm_source=Hi8yaDtOfeAyH6CjPFRvZQ,20,"[{'alias': 'coffee', 'title': 'Coffee & Tea'}]",5.0,['delivery'],,,,5015.645721671687,40.46279031986822,-79.96684384009006,3410 Penn Ave,,,Pittsburgh,15201,US,PA,"['3410 Penn Ave', 'Pittsburgh, PA 15201']"
26,4b_w_5zv8-w0Ca6ZUDYC_Q,colombino-pittsburgh,Colombino,https://s3-media3.fl.yelpcdn.com/bphoto/VNM9zwl8RLDq89-AlhuCtA/o.jpg,False,https://www.yelp.com/biz/colombino-pittsburgh?adjust_creative=Hi8yaDtOfeAyH6CjPFRvZQ&utm_campaign=yelp_api_v3&utm_medium=api_v3_business_search&utm_source=Hi8yaDtOfeAyH6CjPFRvZQ,7,"[{'alias': 'coffeeroasteries', 'title': 'Coffee Roasteries'}, {'alias': 'colombian', 'title': 'Colombian'}, {'alias': 'gluten_free', 'title': 'Gluten-Free'}]",4.5,"['delivery', 'pickup']",,+14123563100,(412) 356-3100,5523.896294791108,40.451718,-79.983467,2031 Penn Ave,,,Pittsburgh,15222,US,PA,"['2031 Penn Ave', 'Pittsburgh, PA 15222']"
27,MKd_EUD0PG__cOfIbeqYAg,té-café-pittsburgh-3,Té Café,https://s3-media2.fl.yelpcdn.com/bphoto/zRMDIor6NZ_-gKFSVqAWTQ/o.jpg,False,https://www.yelp.com/biz/t%C3%A9-caf%C3%A9-pittsburgh-3?adjust_creative=Hi8yaDtOfeAyH6CjPFRvZQ&utm_campaign=yelp_api_v3&utm_medium=api_v3_business_search&utm_source=Hi8yaDtOfeAyH6CjPFRvZQ,133,"[{'alias': 'coffee', 'title': 'Coffee & Tea'}, {'alias': 'sushi', 'title': 'Sushi Bars'}]",4.5,['delivery'],$,+14124228888,(412) 422-8888,283.18391166783795,40.43457,-79.92301,2000 Murray Ave,,,Pittsburgh,15217,US,PA,"['2000 Murray Ave', 'Pittsburgh, PA 15217']"
28,8_vnzeQGlwIUqUnU5RONiw,my-goodness-pittsburgh,My Goodness,https://s3-media1.fl.yelpcdn.com/bphoto/vHJu6vAEGS4oWzwjx27Jsg/o.jpg,False,https://www.yelp.com/biz/my-goodness-pittsburgh?adjust_creative=Hi8yaDtOfeAyH6CjPFRvZQ&utm_campaign=yelp_api_v3&utm_medium=api_v3_business_search&utm_source=Hi8yaDtOfeAyH6CjPFRvZQ,21,"[{'alias': 'breakfast_brunch', 'title': 'Breakfast & Brunch'}, {'alias': 'delis', 'title': 'Delis'}, {'alias': 'icecream', 'title': 'Ice Cream & Frozen Yogurt'}]",4.5,"['delivery', 'pickup']",,+14127271657,(412) 727-1657,2552.0938196307893,40.43205789095954,-79.89332440727733,1137 S Braddock Ave,,,Pittsburgh,15218,US,PA,"['1137 S Braddock Ave', 'Pittsburgh, PA 15218']"
29,0bjFYstj8USMzEV4ZQldjA,redhawk-coffee-pittsburgh,Redhawk Coffee,https://s3-media1.fl.yelpcdn.com/bphoto/vyDSxPXJACjTKvpYCOmPlw/o.jpg,False,https://www.yelp.com/biz/redhawk-coffee-pittsburgh?adjust_creative=Hi8yaDtOfeAyH6CjPFRvZQ&utm_campaign=yelp_api_v3&utm_medium=api_v3_business_search&utm_source=Hi8yaDtOfeAyH6CjPFRvZQ,172,"[{'alias': 'coffee', 'title': 'Coffee & Tea'}, {'alias': 'foodtrucks', 'title': 'Food Trucks'}]",4.5,['delivery'],$,+14127084270,(412) 708-4270,3126.834405683739,40.4407077,-79.9586246,120 Meyran Ave,,,Pittsburgh,15213,US,PA,"['120 Meyran Ave', 'Pittsburgh, PA 15213']"
30,mDkpb8yFirCCwC0sqgfCtA,hlane-coffee-and-dry-goods-swissvale,HLane Coffee & Dry Goods,https://s3-media3.fl.yelpcdn.com/bphoto/aFM2b3pQ5laqRgKV9MB1TQ/o.jpg,False,https://www.yelp.com/biz/hlane-coffee-and-dry-goods-swissvale?adjust_creative=Hi8yaDtOfeAyH6CjPFRvZQ&utm_campaign=yelp_api_v3&utm_medium=api_v3_business_search&utm_source=Hi8yaDtOfeAyH6CjPFRvZQ,22,"[{'alias': 'sewingalterations', 'title': 'Sewing & Alterations'}, {'alias': 'desserts', 'title': 'Desserts'}]",5.0,"['delivery', 'pickup']",$$,+14122878349,(412) 287-8349,3350.6613976424487,40.4216865415499,-79.8863030970097,2009 Noble St,,,Swissvale,15218,US,PA,"['2009 Noble St', 'Swissvale, PA 15218']"
31,hzyvL2v97xLzLbLXcdi1uw,cafe-moulin-pittsburgh,Cafe Moulin,https://s3-media1.fl.yelpcdn.com/bphoto/ygq66pYHPf13ppv9htMxtQ/o.jpg,False,https://www.yelp.com/biz/cafe-moulin-pittsburgh?adjust_creative=Hi8yaDtOfeAyH6CjPFRvZQ&utm_campaign=yelp_api_v3&utm_medium=api_v3_business_search&utm_source=Hi8yaDtOfeAyH6CjPFRvZQ,362,"[{'alias': 'breakfast_brunch', 'title': 'Breakfast & Brunch'}, {'alias': 'french', 'title': 'French'}, {'alias': 'coffee', 'title': 'Coffee & Tea'}]",4.0,"['delivery', 'pickup']",$$,+14122918119,(412) 291-8119,2327.121142405323,40.4516222360555,-79.9331853806125,732 Filbert St,,,Pittsburgh,15232,US,PA,"['732 Filbert St', 'Pittsburgh, PA 15232']"
32,7zWoldq0uQV73BjoTM3G5w,allegro-hearth-bakery-pittsburgh,Allegro Hearth Bakery,https://s3-media4.fl.yelpcdn.com/bphoto/_dR2hbjIEfjDpsUCLxvXuw/o.jpg,False,https://www.yelp.com/biz/allegro-hearth-bakery-pittsburgh?adjust_creative=Hi8yaDtOfeAyH6CjPFRvZQ&utm_campaign=yelp_api_v3&utm_medium=api_v3_business_search&utm_source=Hi8yaDtOfeAyH6CjPFRvZQ,104,"[{'alias': 'bakeries', 'title': 'Bakeries'}, {'alias': 'desserts', 'title': 'Desserts'}, {'alias': 'vegan', 'title': 'Vegan'}]",4.5,[],$,+14124225623,(412) 422-5623,202.98799615261228,40.4338421542973,-79.9230824102084,2034 Murray Ave,,,Pittsburgh,15217,US,PA,"['2034 Murray Ave', 'Pittsburgh, PA 15217']"
33,aF_x0B6UhX5YRe0LAdtUOQ,treats-n-beans-pittsburgh,Treats ‘N Beans,https://s3-media4.fl.yelpcdn.com/bphoto/l4HeXYQzHodEO4wqHI8tUw/o.jpg,False,https://www.yelp.com/biz/treats-n-beans-pittsburgh?adjust_creative=Hi8yaDtOfeAyH6CjPFRvZQ&utm_campaign=yelp_api_v3&utm_medium=api_v3_business_search&utm_source=Hi8yaDtOfeAyH6CjPFRvZQ,50,"[{'alias': 'cafes', 'title': 'Cafes'}, {'alias': 'waffles', 'title': 'Waffles'}, {'alias': 'creperies', 'title': 'Creperies'}]",4.5,"['delivery', 'pickup']",,+14125865667,(412) 586-5667,3132.468137106124,40.440689,-79.9587064,118 Meyran Ave,,,Pittsburgh,15213,US,PA,"['118 Meyran Ave', 'Pittsburgh, PA 15213']"
34,NHhGTkXGqe2dchyjcWXM8g,divvy-coffee-and-buns-pittsburgh,Divvy Coffee & Buns,https://s3-media4.fl.yelpcdn.com/bphoto/wj4_S0vUpl098WAFiN7DRg/o.jpg,False,https://www.yelp.com/biz/divvy-coffee-and-buns-pittsburgh?adjust_creative=Hi8yaDtOfeAyH6CjPFRvZQ&utm_campaign=yelp_api_v3&utm_medium=api_v3_business_search&utm_source=Hi8yaDtOfeAyH6CjPFRvZQ,20,"[{'alias': 'coffee', 'title': 'Coffee & Tea'}]",4.0,[],,+14125865564,(412) 586-5564,3023.1421787766208,40.44135494517202,-79.9570365903704,3714 Forbes Ave,,,Pittsburgh,15213,US,PA,"['3714 Forbes Ave', 'Pittsburgh, PA 15213']"
35,LDVTTqruIDhbJcmrPr9D5g,kafair-cafe-pittsburgh,KaFair Cafe,https://s3-media4.fl.yelpcdn.com/bphoto/F47CUze9JDwf9D820r231w/o.jpg,False,https://www.yelp.com/biz/kafair-cafe-pittsburgh?adjust_creative=Hi8yaDtOfeAyH6CjPFRvZQ&utm_campaign=yelp_api_v3&utm_medium=api_v3_business_search&utm_source=Hi8yaDtOfeAyH6CjPFRvZQ,24,"[{'alias': 'coffee', 'title': 'Coffee & Tea'}, {'alias': 'breakfast_brunch', 'title': 'Breakfast & Brunch'}, {'alias': 'bakeries', 'title': 'Bakeries'}]",5.0,"['delivery', 'pickup']",$$,,,5953.9623870656005,40.48551,-79.92543,1806 Chislett St,,,Pittsburgh,15206,US,PA,"['1806 Chislett St', 'Pittsburgh, PA 15206']"
36,_7X8Vl_yuptvQZ0XzrD_Ig,inkwell-coffee-shop-pittsburgh,Inkwell Coffee Shop,https://s3-media3.fl.yelpcdn.com/bphoto/YshyLiIrmMF_l-oiHNaouA/o.jpg,False,https://www.yelp.com/biz/inkwell-coffee-shop-pittsburgh?adjust_creative=Hi8yaDtOfeAyH6CjPFRvZQ&utm_campaign=yelp_api_v3&utm_medium=api_v3_business_search&utm_source=Hi8yaDtOfeAyH6CjPFRvZQ,28,"[{'alias': 'coffee', 'title': 'Coffee & Tea'}]",4.5,['delivery'],,+14126210168,(412) 621-0168,5404.143102336662,40.472069,-79.959638,4419 Butler St,,,Pittsburgh,15201,US,PA,"['4419 Butler St', 'Pittsburgh, PA 15201']"
37,eIedjt0mHVKDFmfhtfKSAQ,big-dog-coffee-pittsburgh,Big Dog Coffee,https://s3-media2.fl.yelpcdn.com/bphoto/Hkja6qS2afAqZNfiuMxKEQ/o.jpg,False,https://www.yelp.com/biz/big-dog-coffee-pittsburgh?adjust_creative=Hi8yaDtOfeAyH6CjPFRvZQ&utm_campaign=yelp_api_v3&utm_medium=api_v3_business_search&utm_source=Hi8yaDtOfeAyH6CjPFRvZQ,322,"[{'alias': 'desserts', 'title': 'Desserts'}, {'alias': 'coffee', 'title': 'Coffee & Tea'}]",4.5,['delivery'],$,+14125867306,(412) 586-7306,3721.6596496503416,40.426,-79.96665,2717 Sarah St,,,Pittsburgh,15203,US,PA,"['2717 Sarah St', 'Pittsburgh, PA 15203']"
38,xQqCpVu52dCZlsoYoKRykA,caffè-d-amore-coffeeshop-pittsburgh,Caffè d'Amore Coffeeshop,https://s3-media2.fl.yelpcdn.com/bphoto/FquAcJxcFy7VVkPAO0WY9g/o.jpg,False,https://www.yelp.com/biz/caff%C3%A8-d-amore-coffeeshop-pittsburgh?adjust_creative=Hi8yaDtOfeAyH6CjPFRvZQ&utm_campaign=yelp_api_v3&utm_medium=api_v3_business_search&utm_source=Hi8yaDtOfeAyH6CjPFRvZQ,57,"[{'alias': 'coffee', 'title': 'Coffee & Tea'}]",4.5,[],$,+14123301418,(412) 330-1418,6101.897595460334,40.48281,-79.95095,5400 Butler St,,,Pittsburgh,15201,US,PA,"['5400 Butler St', 'Pittsburgh, PA 15201']"
39,mBycrsguRPhI0xtFBzsz_w,tazza-d-oro-pittsburgh,Tazza D'Oro,https://s3-media2.fl.yelpcdn.com/bphoto/NiRrttbB7knhQ8PD2eUVNw/o.jpg,False,https://www.yelp.com/biz/tazza-d-oro-pittsburgh?adjust_creative=Hi8yaDtOfeAyH6CjPFRvZQ&utm_campaign=yelp_api_v3&utm_medium=api_v3_business_search&utm_source=Hi8yaDtOfeAyH6CjPFRvZQ,28,"[{'alias': 'coffee', 'title': 'Coffee & Tea'}]",4.5,[],$,+14123623676,(412) 362-3676,2206.0140349990643,40.4435157487347,-79.9447413906455,4902 Forbes Ave Gates Ctr,Fl 3,Carnegie Mellon,Pittsburgh,15213,US,PA,"['4902 Forbes Ave Gates Ctr', 'Fl 3', 'Carnegie Mellon', 'Pittsburgh, PA 15213']"
40,SSOG-T0sA2UlQkhqkkHBgQ,cup-ka-joe-pittsburgh,Cup ka Joe,https://s3-media3.fl.yelpcdn.com/bphoto/_LgQ7_9JCUgrrOWQxt4HqQ/o.jpg,False,https://www.yelp.com/biz/cup-ka-joe-pittsburgh?adjust_creative=Hi8yaDtOfeAyH6CjPFRvZQ&utm_campaign=yelp_api_v3&utm_medium=api_v3_business_search&utm_source=Hi8yaDtOfeAyH6CjPFRvZQ,56,"[{'alias': 'coffee', 'title': 'Coffee & Tea'}, {'alias': 'juicebars', 'title': 'Juice Bars & Smoothies'}, {'alias': 'icecream', 'title': 'Ice Cream & Frozen Yogurt'}]",4.0,['delivery'],$,+14123901563,(412) 390-1563,3761.1358178170995,40.4264037219342,-79.9672912202002,31 27th St,,,Pittsburgh,15203,US,PA,"['31 27th St', 'Pittsburgh, PA 15203']"
41,aU3MBJ3Cq5yip6JTyJi7KQ,black-forge-coffee-pittsburgh,Black Forge Coffee,https://s3-media2.fl.yelpcdn.com/bphoto/IYg3ORVllcdyWtmcP7SlqA/o.jpg,False,https://www.yelp.com/biz/black-forge-coffee-pittsburgh?adjust_creative=Hi8yaDtOfeAyH6CjPFRvZQ&utm_campaign=yelp_api_v3&utm_medium=api_v3_business_search&utm_source=Hi8yaDtOfeAyH6CjPFRvZQ,101,"[{'alias': 'coffee', 'title': 'Coffee & Tea'}]",4.5,['delivery'],$,+14122918994,(412) 291-8994,5948.755126462984,40.42152,-79.99242,1206 Arlington Ave,,,Pittsburgh,15210,US,PA,"['1206 Arlington Ave', 'Pittsburgh, PA 15210']"
42,E9Gnux898nomZK0fYErQVw,everyday-cafe-pittsburgh,Everyday Cafe,https://s3-media2.fl.yelpcdn.com/bphoto/lSWbXtICa9kqLzxAlcL_Zw/o.jpg,False,https://www.yelp.com/biz/everyday-cafe-pittsburgh?adjust_creative=Hi8yaDtOfeAyH6CjPFRvZQ&utm_campaign=yelp_api_v3&utm_medium=api_v3_business_search&utm_source=Hi8yaDtOfeAyH6CjPFRvZQ,39,"[{'alias': 'cafes', 'title': 'Cafes'}]",4.5,['delivery'],$,+14127272169,(412) 727-2169,3194.7540152628585,40.4533598854858,-79.8981681838632,532 N Homewood Ave,,,Pittsburgh,15208,US,PA,"['532 N Homewood Ave', 'Pittsburgh, PA 15208']"
43,O8LGIntnNi4tgMyPQT2myg,61c-cafe-pittsburgh,61C Cafe,https://s3-media3.fl.yelpcdn.com/bphoto/YbQ-iqYtwpvzm6SSO9tgYQ/o.jpg,False,https://www.yelp.com/biz/61c-cafe-pittsburgh?adjust_creative=Hi8yaDtOfeAyH6CjPFRvZQ&utm_campaign=yelp_api_v3&utm_medium=api_v3_business_search&utm_source=Hi8yaDtOfeAyH6CjPFRvZQ,104,"[{'alias': 'cafes', 'title': 'Cafes'}, {'alias': 'breakfast_brunch', 'title': 'Breakfast & Brunch'}]",3.5,[],$,+14125216161,(412) 521-6161,472.9745829924014,40.43617,-79.92274,1839 Murray Ave,,,Pittsburgh,15217,US,PA,"['1839 Murray Ave', 'Pittsburgh, PA 15217']"
44,U6gmplMEZoSqtCz-mSFSPA,de-fer-coffee-pittsburgh,De Fer Coffee,https://s3-media2.fl.yelpcdn.com/bphoto/wciyiSU_M8XJ0pht2FVUHg/o.jpg,False,https://www.yelp.com/biz/de-fer-coffee-pittsburgh?adjust_creative=Hi8yaDtOfeAyH6CjPFRvZQ&utm_campaign=yelp_api_v3&utm_medium=api_v3_business_search&utm_source=Hi8yaDtOfeAyH6CjPFRvZQ,4,"[{'alias': 'coffee', 'title': 'Coffee & Tea'}, {'alias': 'breakfast_brunch', 'title': 'Breakfast & Brunch'}, {'alias': 'juicebars', 'title': 'Juice Bars & Smoothies'}]",5.0,[],,+14122092226,(412) 209-2226,3234.558602013654,40.43119,-79.96168,350 Technology Dr,,,Pittsburgh,15219,US,PA,"['350 Technology Dr', 'Pittsburgh, PA 15219']"
45,0lpT5sj09vUfDp5zUBwjIw,commonplace-coffee-pittsburgh-2,Commonplace Coffee,https://s3-media4.fl.yelpcdn.com/bphoto/FFsO3Tov2wQ-_eNZDt-YCw/o.jpg,False,https://www.yelp.com/biz/commonplace-coffee-pittsburgh-2?adjust_creative=Hi8yaDtOfeAyH6CjPFRvZQ&utm_campaign=yelp_api_v3&utm_medium=api_v3_business_search&utm_source=Hi8yaDtOfeAyH6CjPFRvZQ,116,"[{'alias': 'coffeeroasteries', 'title': 'Coffee Roasteries'}]",4.5,"['delivery', 'pickup']",$$,+14129322433,(412) 932-2433,8213.583209415476,40.457033,-80.014814,1501 Buena Vista St,,,Pittsburgh,15212,US,PA,"['1501 Buena Vista St', 'Pittsburgh, PA 15212']"
46,QxER8FFfrwc9aHIAq7sT9g,ruckus-coffee-gallery-and-cafe-no-title,Ruckus Coffee Gallery & Cafe,https://s3-media3.fl.yelpcdn.com/bphoto/KDlSm5sSZTmOy3mc_ia7Ag/o.jpg,False,https://www.yelp.com/biz/ruckus-coffee-gallery-and-cafe-no-title?adjust_creative=Hi8yaDtOfeAyH6CjPFRvZQ&utm_campaign=yelp_api_v3&utm_medium=api_v3_business_search&utm_source=Hi8yaDtOfeAyH6CjPFRvZQ,9,"[{'alias': 'cafes', 'title': 'Cafes'}, {'alias': 'coffee', 'title': 'Coffee & Tea'}]",5.0,['delivery'],,+14125453626,(412) 545-3626,9041.100063727028,40.50047,-79.98099,1707 Babcock Blvd,,,Pittsburgh,15209,US,PA,"['1707 Babcock Blvd', 'Pittsburgh, PA 15209']"
47,I8Rae5SsCDWV_2z1sF9AdA,parisi-cafe-and-italian-market-swissvale,Parisi Cafe and Italian Market,https://s3-media1.fl.yelpcdn.com/bphoto/MF1Q-gqeQcfj6_Trnh9Zuw/o.jpg,False,https://www.yelp.com/biz/parisi-cafe-and-italian-market-swissvale?adjust_creative=Hi8yaDtOfeAyH6CjPFRvZQ&utm_campaign=yelp_api_v3&utm_medium=api_v3_business_search&utm_source=Hi8yaDtOfeAyH6CjPFRvZQ,9,"[{'alias': 'cafes', 'title': 'Cafes'}, {'alias': 'coffee', 'title': 'Coffee & Tea'}, {'alias': 'italian', 'title': 'Italian'}]",5.0,['delivery'],,,,2453.5458262897246,40.42216,-79.89756,7107 Harrison Ave,,,Swissvale,15218,US,PA,"['7107 Harrison Ave', 'Swissvale, PA 15218']"
48,tYfyErWUODsSCHFcm2-Hig,mechanic-coffee-verona,Mechanic Coffee,https://s3-media1.fl.yelpcdn.com/bphoto/T1m-yNcAKppKlR9adWTThQ/o.jpg,False,https://www.yelp.com/biz/mechanic-coffee-verona?adjust_creative=Hi8yaDtOfeAyH6CjPFRvZQ&utm_campaign=yelp_api_v3&utm_medium=api_v3_business_search&utm_source=Hi8yaDtOfeAyH6CjPFRvZQ,45,"[{'alias': 'coffee', 'title': 'Coffee & Tea'}]",4.0,[],$,+14128537200,(412) 853-7200,10547.471526574282,40.50516,-79.84395,707 East Railroad Ave,,,Verona,15147,US,PA,"['707 East Railroad Ave', 'Verona, PA 15147']"
49,Cf0iV72DTqR0ggBje2d0sg,espresso-a-mano-pittsburgh,Espresso a Mano,https://s3-media3.fl.yelpcdn.com/bphoto/Sk8XKMU24tfrP6bN_cSgPA/o.jpg,False,https://www.yelp.com/biz/espresso-a-mano-pittsburgh?adjust_creative=Hi8yaDtOfeAyH6CjPFRvZQ&utm_campaign=yelp_api_v3&utm_medium=api_v3_business_search&utm_source=Hi8yaDtOfeAyH6CjPFRvZQ,354,"[{'alias': 'coffee', 'title': 'Coffee & Tea'}]",4.5,['delivery'],$,+14129181864,(412) 918-1864,5172.044495462052,40.4660987854004,-79.9651412963867,3623 Butler St,,,Pittsburgh,15201,US,PA,"['3623 Butler St', 'Pittsburgh, PA 15201']"
